,Precision,Recall,R-Precision,NDCG,Clicks
MF-Transformer,0.024443,0.05499897717948686,0.056136413897019316,0.03962212786714189,38.2549
MUSE,0.0204096,0.020474354745339512,0.025929951780120825,0.020449933428692786,49.8478
LARP,0.023769799999999997,0.050245787026842376,0.04224200597392246,0.04262480864681992,39.3595
PISA,0.020426399999999997,0.020641719699971736,0.026216831670835036,0.02052263065127539,49.6324
